term,acc,name,covoc_id,is_obsolete
http://purl.obolibrary.org/obo/OMIT_0019104,OMIT:0019104,"Epitopes, B-Lymphocyte",BMV_13,
http://purl.obolibrary.org/obo/OMIT_0015957,OMIT:0015957,Immunoblotting,BMV_71,
http://purl.obolibrary.org/obo/OMIT_0000001,OMIT:0000001,computationally_asserted_evidence,,
http://purl.obolibrary.org/obo/OMIT_0013538,OMIT:0013538,"Selection, Genetic",BMV_54,
http://purl.obolibrary.org/obo/OMIT_0002855,OMIT:0002855,Base Sequence,BMV_14,
http://purl.obolibrary.org/obo/OMIT_0015767,OMIT:0015767,Global Health,BMV_57,
http://purl.obolibrary.org/obo/OMIT_0000002,OMIT:0000002,information_from_miRNA_target_prediction_databases,,
http://purl.obolibrary.org/obo/GO_0030154,GO:0030154,cell differentiation,BMV_21,
http://purl.obolibrary.org/obo/NCBITaxon_9615,NCBITaxon:9615,Canis lupus familiaris,SP_7,
http://purl.obolibrary.org/obo/CLO_0009524,CLO:0009524,Vero cell,CL:6,
http://purl.obolibrary.org/obo/CLO_0009524,CLO:0009524,Vero cell,CL:6,
http://purl.obolibrary.org/obo/CLO_0002172,CLO:0002172,Caco-2 cell,CL:1,
http://purl.obolibrary.org/obo/CLO_0002172,CLO:0002172,Caco-2 cell,CL:1,
http://purl.obolibrary.org/obo/NCBITaxon_9606,NCBITaxon:9606,Homo sapiens,SP_11,
http://purl.obolibrary.org/obo/CLO_0002192,CLO:0002192,Calu-3 cell,CL:2,
http://purl.obolibrary.org/obo/CLO_0002192,CLO:0002192,Calu-3 cell,CL:2,
http://purl.obolibrary.org/obo/NCBITaxon_9397,NCBITaxon:9397,Chiroptera,SP_4,
http://purl.obolibrary.org/obo/CLO_0007059,CLO:0007059,K-562 cell,CL:10,
http://purl.obolibrary.org/obo/CLO_0007059,CLO:0007059,K-562 cell,CL:10,
http://purl.obolibrary.org/obo/CLO_0002462,CLO:0002462,CHO-K1 cell,CL:9,
http://purl.obolibrary.org/obo/CLO_0002462,CLO:0002462,CHO-K1 cell,CL:9,
http://purl.obolibrary.org/obo/UBERON_0002048,UBERON:0002048,lung,BMV_84,
http://purl.obolibrary.org/obo/HP_0100749,HP:0100749,Chest pain,DIS_11,
http://purl.obolibrary.org/obo/HP_0000001,HP:0000001,All,,
http://purl.obolibrary.org/obo/HP_0012531,HP:0012531,Pain,DIS_47,
http://purl.obolibrary.org/obo/HP_0000969,HP:0000969,Edema,DIS_26,
http://purl.obolibrary.org/obo/HP_0002789,HP:0002789,Tachypnea,DIS_63,
http://purl.obolibrary.org/obo/HP_0002018,HP:0002018,Nausea,DIS_44,
http://purl.obolibrary.org/obo/CHEBI_33709,CHEBI:33709,amino acid,,
http://purl.obolibrary.org/obo/HP_0002014,HP:0002014,Diarrhea,DIS_22,
http://purl.obolibrary.org/obo/HP_0000988,HP:0000988,Skin rash,DIS_51,
http://purl.obolibrary.org/obo/HP_0002027,HP:0002027,Abdominal pain,DIS_1,
http://purl.obolibrary.org/obo/HP_0000002,HP:0000002,Abnormality of body height,,
http://purl.obolibrary.org/obo/HP_0100806,HP:0100806,Sepsis,DIS_57,
http://purl.obolibrary.org/obo/HP_0001742,HP:0001742,Nasal obstruction,DIS_17,
http://purl.obolibrary.org/obo/HP_0001649,HP:0001649,Tachycardia,DIS_62,
http://purl.obolibrary.org/obo/HP_0012378,HP:0012378,Fatigue,DIS_29,
http://purl.obolibrary.org/obo/HP_0003077,HP:0003077,Hyperlipidemia,DIS_35,
http://purl.obolibrary.org/obo/HP_0002013,HP:0002013,Vomiting,DIS_69,
http://purl.obolibrary.org/obo/CL_0000235,CL:0000235,macrophage,BMV_85,
http://purl.obolibrary.org/obo/HP_0002017,HP:0002017,Nausea and vomiting,DIS_45,
http://purl.obolibrary.org/obo/HP_0003326,HP:0003326,Myalgia,DIS_43,
http://purl.obolibrary.org/obo/GO_0006955,GO:0006955,immune response,BMV_67||BMV_69,
http://purl.obolibrary.org/obo/HP_0001945,HP:0001945,Fever,DIS_30||DIS_31,
http://purl.obolibrary.org/obo/CHEBI_26271,CHEBI:26271,proline,PG_19,
http://purl.obolibrary.org/obo/HP_0001025,HP:0001025,Urticaria,DIS_64,
http://purl.obolibrary.org/obo/HP_0031246,HP:0031246,Nonproductive cough,DIS_24,
http://purl.obolibrary.org/obo/HP_0002094,HP:0002094,Dyspnea,DIS_25,
http://purl.obolibrary.org/obo/HP_0012735,HP:0012735,Cough,DIS_19,
http://purl.obolibrary.org/obo/HP_0030830,HP:0030830,Crackles,DIS_50,
http://purl.obolibrary.org/obo/CL_0000738,CL:0000738,leukocyte,BMV_66,
http://purl.obolibrary.org/obo/HP_0000989,HP:0000989,Pruritus,DIS_49,
http://purl.obolibrary.org/obo/HP_0031417,HP:0031417,Rhinorrhea,DIS_56,
http://purl.obolibrary.org/obo/HP_0025143,HP:0025143,Chills,DIS_12,
http://purl.obolibrary.org/obo/HP_0000822,HP:0000822,Hypertension,DIS_36,
http://purl.obolibrary.org/obo/HP_0025406,HP:0025406,Asthenia,DIS_70,
http://purl.obolibrary.org/obo/CHEBI_15379,CHEBI:15379,dioxygen,CE_53,
http://purl.obolibrary.org/obo/HP_0032016,HP:0032016,Abnormal sputum,DIS_60,
http://purl.obolibrary.org/obo/CHMO_0000001,CHMO:0000001,colorimetry,,
http://purl.obolibrary.org/obo/CHMO_0000002,CHMO:0000002,gravimetric sorption analysis,,
http://purl.obolibrary.org/obo/OBI_0000070,OBI:0000070,assay,CE_5,
http://purl.obolibrary.org/obo/OBI_0000070,OBI:0000070,assay,BMV_15,
http://purl.obolibrary.org/obo/CHMO_0000000,CHMO:0000000,,,true
http://purl.obolibrary.org/obo/CHMO_0002413,CHMO:0002413,cryogenic electron microscopy,BMV_37,
http://purl.obolibrary.org/obo/MAXO_0000609,MAXO:0000609,serology test,BMV_136,
http://purl.obolibrary.org/obo/MAXO_0001001,MAXO:0001001,gene therapy,BMV_50,
http://purl.obolibrary.org/obo/MAXO_0000614,MAXO:0000614,immunofluorescence assays,BMV_72,
http://purl.obolibrary.org/obo/OBI_0000011,OBI:0000011,planned process,,
http://purl.obolibrary.org/obo/OBI_0000661,OBI:0000661,enzyme-linked immunosorbent assay,BMV_45,
http://purl.obolibrary.org/obo/PR_000000001,PR:000000001,protein,,
http://purl.obolibrary.org/obo/GO_0008150,GO:0008150,biological_process,BMV_106,
http://purl.obolibrary.org/obo/OBI_0000181,OBI:0000181,population,CE_59||CE_60,
http://purl.obolibrary.org/obo/OBI_0000552,OBI:0000552,reverse transcribed polymerase chain reaction,BMV_125,
http://purl.obolibrary.org/obo/NCBITaxon_10239,NCBITaxon:10239,Viruses,BMV_163,
http://purl.obolibrary.org/obo/CHEBI_6402,CHEBI:6402,leflunomide,DG_46,
http://purl.obolibrary.org/obo/CHEBI_9139,CHEBI:9139,sildenafil,DG_70,
http://purl.obolibrary.org/obo/CHEBI_72291,CHEBI:72291,cobicistat,DG_25,
http://purl.obolibrary.org/obo/CHEBI_16240,CHEBI:16240,hydrogen peroxide,DG_38,
http://purl.obolibrary.org/obo/CHEBI_31303,CHEBI:31303,bromhexine hydrochloride,DG_17,
http://purl.obolibrary.org/obo/CHEBI_87228,CHEBI:87228,sulfonamide antibiotic,DIS_61,
http://purl.obolibrary.org/obo/CHEBI_5855,CHEBI:5855,ibuprofen,DG_40,
http://purl.obolibrary.org/obo/CHEBI_37924,CHEBI:37924,atazanavir,DG_8,
http://purl.obolibrary.org/obo/CHEBI_2955,CHEBI:2955,azithromycin,DG_11,
http://purl.obolibrary.org/obo/CHEBI_7496,CHEBI:7496,nelfinavir,DG_55,
http://purl.obolibrary.org/obo/CHEBI_63628,CHEBI:63628,tipranavir,DG_75,
http://purl.obolibrary.org/obo/CHEBI_17334,CHEBI:17334,penicillin,DG_58,
http://purl.obolibrary.org/obo/CHEBI_46195,CHEBI:46195,paracetamol,DIS_2,
http://purl.obolibrary.org/obo/CHEBI_575568,CHEBI:575568,atovaquone,DG_9,
http://purl.obolibrary.org/obo/CHEBI_48923,CHEBI:48923,erythromycin,DG_33,
http://purl.obolibrary.org/obo/CHEBI_24431,CHEBI:24431,chemical entity,,
http://purl.obolibrary.org/obo/CHEBI_145994,CHEBI:145994,remdesivir,DG_62,
http://purl.obolibrary.org/obo/CHEBI_32016,CHEBI:32016,pirfenidone,DG_59,
http://purl.obolibrary.org/obo/CHEBI_5801,CHEBI:5801,hydroxychloroquine,DG_39,
http://purl.obolibrary.org/obo/CHEBI_38545,CHEBI:38545,rosuvastatin,DG_66,
http://purl.obolibrary.org/obo/CHEBI_66919,CHEBI:66919,ruxolitinib,DG_67,
http://purl.obolibrary.org/obo/CHEBI_31781,CHEBI:31781,lopinavir,DG_47,
http://purl.obolibrary.org/obo/CHEBI_52217,CHEBI:52217,pharmaceutical,BMV_108,
http://purl.obolibrary.org/obo/CHEBI_85083,CHEBI:85083,sofosbuvir,DG_71,
http://purl.obolibrary.org/obo/CHEBI_77572,CHEBI:77572,tranilast,DG_77,
http://purl.obolibrary.org/obo/CHEBI_63115,CHEBI:63115,fingolimod,DG_35,
http://purl.obolibrary.org/obo/CHEBI_472657,CHEBI:472657,cefixime,DG_22,
http://purl.obolibrary.org/obo/CHEBI_9513,CHEBI:9513,thalidomide,DG_73,
http://purl.obolibrary.org/obo/CHEBI_63580,CHEBI:63580,ribavirin,DG_64,
http://purl.obolibrary.org/obo/CHEBI_4653,CHEBI:4653,dipyridamole,DG_30,
http://purl.obolibrary.org/obo/CHEBI_31528,CHEBI:31528,Ebastine,DG_31,
http://purl.obolibrary.org/obo/CHEBI_40050,CHEBI:40050,amprenavir,DG_4,
http://purl.obolibrary.org/obo/CHEBI_59343,CHEBI:59343,cefditoren,DG_21,
http://purl.obolibrary.org/obo/CHEBI_82941,CHEBI:82941,fosamprenavir,DG_36,
http://purl.obolibrary.org/obo/CHEBI_17089,CHEBI:17089,glycoprotein,BMV_60,
http://purl.obolibrary.org/obo/CHEBI_62088,CHEBI:62088,metamizole,DG_50,
http://purl.obolibrary.org/obo/CHEBI_6960,CHEBI:6960,Moexipril,DG_53,
http://purl.obolibrary.org/obo/CHEBI_48432,CHEBI:48432,angiotensin II,DG_5,
http://purl.obolibrary.org/obo/CHEBI_135921,CHEBI:135921,artenimol,DG_6,
http://purl.obolibrary.org/obo/CHEBI_41977,CHEBI:41977,daunorubicin,DG_28,
http://purl.obolibrary.org/obo/CHEBI_367163,CHEBI:367163,darunavir,DG_27,
http://purl.obolibrary.org/obo/CHEBI_71204,CHEBI:71204,bepotastine,DG_15,
http://purl.obolibrary.org/obo/CHEBI_3638,CHEBI:3638,chloroquine,DG_23,
http://purl.obolibrary.org/obo/CHEBI_6078,CHEBI:6078,ivermectin,DG_44,
http://purl.obolibrary.org/obo/CHEBI_63621,CHEBI:63621,saquinavir,DG_68,
http://purl.obolibrary.org/obo/CHEBI_3732,CHEBI:3732,clarithromycin,DG_24,
http://purl.obolibrary.org/obo/CHEBI_21241,CHEBI:21241,vitamin C,DG_81,
http://purl.obolibrary.org/obo/CHEBI_45409,CHEBI:45409,ritonavir,DG_65,
http://purl.obolibrary.org/obo/CHEBI_22587,CHEBI:22587,antiviral agent,BMV_5||BMV_6||BMV_7,
http://purl.obolibrary.org/obo/CHEBI_44032,CHEBI:44032,indinavir,DG_41,
http://purl.obolibrary.org/obo/CHEBI_50729,CHEBI:50729,mitoxantrone,DG_52,
http://purl.obolibrary.org/obo/CHEBI_59163,CHEBI:59163,biomarker,BMV_17,
http://purl.obolibrary.org/obo/CHEBI_134722,CHEBI:134722,favipiravir,DG_34,
http://purl.obolibrary.org/obo/CHEBI_134730,CHEBI:134730,umifenovir,DG_80,
http://purl.obolibrary.org/obo/CHEBI_2549,CHEBI:2549,albuterol,DIS_5,
http://purl.obolibrary.org/obo/CHEBI_9364,CHEBI:9364,Suramin sodium,DG_72,
http://purl.obolibrary.org/obo/CHEBI_22198,CHEBI:22198,acetylcysteine,DG_2,
http://purl.obolibrary.org/obo/MONDO_0005550,MONDO:0005550,infectious disease,DIS_16||DIS_27||DIS_28||DIS_38,
http://purl.obolibrary.org/obo/MONDO_0005108,MONDO:0005108,viral infectious disease,DIS_65||DIS_67||DIS_68,
http://purl.obolibrary.org/obo/MONDO_0000001,MONDO:0000001,disease or disorder,,
http://purl.obolibrary.org/obo/MONDO_0100096,MONDO:0100096,COVID-19,DIS_46,
http://purl.obolibrary.org/obo/MONDO_0024355,MONDO:0024355,respiratory tract infectious disease,DIS_54||DIS_55,
http://purl.obolibrary.org/obo/NCBITaxon_11118,NCBITaxon:11118,Coronaviridae,SP_5||SP_12||BMV_34,
http://purl.obolibrary.org/obo/MONDO_0005091,MONDO:0005091,severe acute respiratory syndrome,DIS_58,
http://purl.obolibrary.org/obo/MONDO_0005812,MONDO:0005812,influenza,DIS_39,
http://purl.obolibrary.org/obo/NCBITaxon_694009,NCBITaxon:694009,Severe acute respiratory syndrome-related coronavirus,SP_21,
http://purl.obolibrary.org/obo/MONDO_0005002,MONDO:0005002,chronic obstructive pulmonary disease,DIS_13||DIS_14,
http://purl.obolibrary.org/obo/MONDO_0005087,MONDO:0005087,respiratory system disease,DIS_52,
http://purl.obolibrary.org/obo/MONDO_0002050,MONDO:0002050,depressive disorder,DIS_20,
http://purl.obolibrary.org/obo/MONDO_0004995,MONDO:0004995,cardiovascular disease,DIS_10||DIS_34,
http://purl.obolibrary.org/obo/MONDO_0100116,MONDO:0100116,Middle East respiratory syndrome,DIS_41||DIS_42,
http://purl.obolibrary.org/obo/MONDO_0005015,MONDO:0005015,diabetes mellitus (disease),DIS_21,
http://purl.obolibrary.org/obo/MONDO_0025481,MONDO:0025481,zoonoses,BMV_165,
http://purl.obolibrary.org/obo/MONDO_0007186,MONDO:0007186,gastroesophageal reflux disease,DIS_32,
http://purl.obolibrary.org/obo/MONDO_0005618,MONDO:0005618,anxiety disorder,DIS_8,
http://purl.obolibrary.org/obo/MONDO_0005249,MONDO:0005249,pneumonia,DIS_48,
http://purl.obolibrary.org/obo/MONDO_0002280,MONDO:0002280,anemia (disease),DIS_7,
http://purl.obolibrary.org/obo/MONDO_0006502,MONDO:0006502,adult respiratory distress syndrome,DIS_53,
http://purl.obolibrary.org/obo/MONDO_0006502,MONDO:0006502,adult respiratory distress syndrome,DIS_3,
http://purl.obolibrary.org/obo/MONDO_0021146,MONDO:0021146,headache disorder,DIS_33,
http://purl.obolibrary.org/obo/MONDO_0002258,MONDO:0002258,pharyngitis,DIS_59,
http://purl.obolibrary.org/obo/MONDO_0004979,MONDO:0004979,asthma,DIS_9,
http://purl.obolibrary.org/obo/MONDO_0024352,MONDO:0024352,viral respiratory tract infection,DIS_66,
http://purl.obolibrary.org/obo/MONDO_0100053,MONDO:0100053,anaphylaxis,DIS_6,
http://purl.obolibrary.org/obo/NCBITaxon_11308,NCBITaxon:11308,Orthomyxoviridae,SP_13,
http://purl.obolibrary.org/obo/MONDO_0005719,MONDO:0005719,Coronavinae infectious disease,DIS_18,
http://purl.obolibrary.org/obo/NCBITaxon_2697049,NCBITaxon:2697049,Severe acute respiratory syndrome coronavirus 2,SP_6||SP_16,
http://purl.obolibrary.org/obo/NCBITaxon_1335626,NCBITaxon:1335626,Middle East respiratory syndrome-related coronavirus,SP_15,
http://purl.obolibrary.org/obo/GO_0002524,GO:0002524,hypersensitivity,BMV_65,
http://purl.obolibrary.org/obo/NCBITaxon_11250,NCBITaxon:11250,Human orthopneumovirus,SP_19,
http://purl.obolibrary.org/obo/MONDO_0000002,MONDO:0000002,"obsolete 46,XX sex reversal",,true
http://purl.obolibrary.org/obo/NCBITaxon_39733,NCBITaxon:39733,Astroviridae,BMV_9,
http://purl.obolibrary.org/obo/GO_0006810,GO:0006810,transport,BMV_16,
http://purl.obolibrary.org/obo/GO_0016310,GO:0016310,phosphorylation,BMV_110,
http://purl.obolibrary.org/obo/GO_0006914,GO:0006914,autophagy,BMV_11,
http://purl.obolibrary.org/obo/GO_0006915,GO:0006915,apoptotic process,BMV_8,
http://purl.obolibrary.org/obo/GO_0008219,GO:0008219,cell death,BMV_20,
http://purl.obolibrary.org/obo/GO_0010467,GO:0010467,gene expression,BMV_49,
http://purl.obolibrary.org/obo/GO_0006412,GO:0006412,translation,BMV_115,
http://purl.obolibrary.org/obo/GO_0006412,GO:0006412,translation,BMV_114,
http://purl.obolibrary.org/obo/GO_0046718,GO:0046718,viral entry into host cell,BMV_161,
http://purl.obolibrary.org/obo/GO_0046718,GO:0046718,viral entry into host cell,BMV_158,
http://purl.obolibrary.org/obo/GO_0043657,GO:0043657,host cell,BMV_64,
http://purl.obolibrary.org/obo/GO_0006310,GO:0006310,DNA recombination,BMV_53,
http://purl.obolibrary.org/obo/GO_0006310,GO:0006310,DNA recombination,BMV_119,
http://purl.obolibrary.org/obo/GO_0002250,GO:0002250,adaptive immune response,BMV_4,
http://purl.obolibrary.org/obo/GO_0061025,GO:0061025,membrane fusion,BMV_90,
http://purl.obolibrary.org/obo/GO_0005730,GO:0005730,nucleolus,BMV_22||BMV_99,
http://purl.obolibrary.org/obo/GO_0019013,GO:0019013,viral nucleocapsid,BMV_159,
http://purl.obolibrary.org/obo/GO_0009405,GO:0009405,pathogenesis,BMV_105,
http://purl.obolibrary.org/obo/GO_0009405,GO:0009405,pathogenesis,BMV_160,
http://purl.obolibrary.org/obo/GO_0097659,GO:0097659,nucleic acid-templated transcription,BMV_55,
http://purl.obolibrary.org/obo/GO_0019079,GO:0019079,viral genome replication,BMV_162,
http://purl.obolibrary.org/obo/GO_0006260,GO:0006260,DNA replication,BMV_41,
http://purl.obolibrary.org/obo/GO_0009058,GO:0009058,biosynthetic process,BMV_2,
http://purl.obolibrary.org/obo/GO_0016246,GO:0016246,RNA interference,BMV_127,
http://purl.obolibrary.org/obo/GO_0003674,GO:0003674,molecular_function,BMV_92,
http://purl.obolibrary.org/obo/PR_P0DTC2,PR:P0DTC2,spike glycoprotein (SARS-CoV-2),PG_28||PG_29,
http://purl.obolibrary.org/obo/PR_P0DTC9,PR:P0DTC9,nucleoprotein (SARS-CoV-2),PG_18,
http://purl.obolibrary.org/obo/PR_P22301,PR:P22301,interleukin-10 (human),PG_12,
http://purl.obolibrary.org/obo/PR_P12821,PR:P12821,angiotensin-converting enzyme (human),PG_3,
http://purl.obolibrary.org/obo/PR_P0DTC3,PR:P0DTC3,protein 3a (SARS-CoV-2),PG_20,
http://purl.obolibrary.org/obo/PR_P0DTC7,PR:P0DTC7,protein 7a (SARS-CoV-2),PG_21,
http://purl.obolibrary.org/obo/PR_P0DTC5,PR:P0DTC5,membrane protein (SARS-CoV-2),PG_15,
http://purl.obolibrary.org/obo/PR_Q9H2X3,PR:Q9H2X3,C-type lectin domain family 4 member M (human),PG_6,
http://purl.obolibrary.org/obo/PR_000001341,PR:000001341,dipeptidyl peptidase IV,PG_9,
http://purl.obolibrary.org/obo/PR_Q9BYF1,PR:Q9BYF1,angiotensin-converting enzyme 2 (human),PG_4,
http://purl.obolibrary.org/obo/PR_000001471,PR:000001471,interleukin-10,PG_14,
http://purl.obolibrary.org/obo/PR_000018931,PR:000018931,"angiotensinogen, signal peptide removed form",PG_5,
http://purl.obolibrary.org/obo/PR_O15393,PR:O15393,transmembrane protease serine 2 (human),PG_33,
http://purl.obolibrary.org/obo/PR_000050252,PR:000050252,IgG heavy chain protein,BMV_74,
http://purl.obolibrary.org/obo/PR_P0DTC4,PR:P0DTC4,envelope small membrane protein (SARS-CoV-2),PG_11,
http://purl.obolibrary.org/obo/IDO_0000000,IDO:0000000,_obsolete_process,,true
http://purl.obolibrary.org/obo/IDO_0000519,IDO:0000519,incubation period,BMV_75,
http://purl.obolibrary.org/obo/IDO_0000503,IDO:0000503,infectious disease pandemic,BMV_58,
http://purl.obolibrary.org/obo/IDO_0000001,IDO:0000001,_obsolete_role,,true
http://purl.obolibrary.org/obo/IDO_0000002,IDO:0000002,_obsolete_quality,,true
http://purl.obolibrary.org/obo/CL_0000000,CL:0000000,cell,,
http://purl.obolibrary.org/obo/CL_0000000,CL:0000000,cell,,
http://purl.obolibrary.org/obo/COVOC_00000000,COVOC:00000000,COVOC Term,,
http://www.ebi.ac.uk/efo/EFO_0005384,EFO:0005384,HuH-7,CL:5,
http://www.ebi.ac.uk/efo/EFO_0000544,EFO:0000544,infection,DIS_37||BMV_77,
http://www.ebi.ac.uk/efo/EFO_0004292,EFO:0004292,vaccination,BMV_154,
http://www.ebi.ac.uk/efo/EFO_0010716,EFO:0010716,coinfection,DIS_15,
http://www.ebi.ac.uk/efo/EFO_0000643,EFO:0000643,pathogen,BMV_104,
http://www.ebi.ac.uk/efo/EFO_0004847,EFO:0004847,age at onset,CE_2,
http://www.ebi.ac.uk/efo/EFO_0000264,EFO:0000264,antibody,BMV_3,
http://www.ebi.ac.uk/efo/EFO_0002571,EFO:0002571,medical procedure,BMV_112,
http://www.ebi.ac.uk/efo/EFO_0001184,EFO:0001184,HEK293T,CL:4,
http://www.ebi.ac.uk/efo/EFO_0003919,EFO:0003919,risk factor,CE_70,
http://purl.obolibrary.org/obo/PATO_0000384,PATO:0000384,male,CE_51,
http://www.ebi.ac.uk/efo/EFO_0010192,EFO:0010192,primer,BMV_111,
http://www.ebi.ac.uk/efo/EFO_0010192,EFO:0010192,primer,BMV_100,
http://www.ebi.ac.uk/efo/EFO_0004014,EFO:0004014,deletion,BMV_38,
http://www.ebi.ac.uk/efo/EFO_0010064,EFO:0010064,Pharmacotherapy,BMV_109,
http://www.ebi.ac.uk/efo/EFO_0009715,EFO:0009715,wheezing,DIS_71,
http://www.ebi.ac.uk/efo/EFO_0003765,EFO:0003765,sign or symptom,BMV_24||BMV_28||BMV_29,
http://www.ebi.ac.uk/efo/EFO_0001426,EFO:0001426,study design,CE_80,
http://www.ebi.ac.uk/efo/EFO_0001461,EFO:0001461,control,CE_10,
http://www.ebi.ac.uk/efo/EFO_0009727,EFO:0009727,shortness of breath,CE_74,
http://www.ebi.ac.uk/efo/EFO_0009641,EFO:0009641,malaise,DIS_40,
http://www.ebi.ac.uk/efo/EFO_0000532,EFO:0000532,host,CE_37,
http://www.ebi.ac.uk/efo/EFO_0010717,EFO:0010717,afebrile,DIS_4,
http://purl.obolibrary.org/obo/NCBITaxon_2559587,NCBITaxon:2559587,Riboviria,BMV_130||BMV_131||BMV_132||BMV_133,
http://purl.obolibrary.org/obo/NCBITaxon_9836,NCBITaxon:9836,Camelus,SP_2,
http://purl.obolibrary.org/obo/NCBITaxon_40674,NCBITaxon:40674,Mammalia,,
http://purl.obolibrary.org/obo/NCBITaxon_31631,NCBITaxon:31631,Human coronavirus OC43,SP_17,
http://purl.obolibrary.org/obo/NCBITaxon_196889,NCBITaxon:196889,Rhinolophus macrotis,SP_20,
http://purl.obolibrary.org/obo/NCBITaxon_9675,NCBITaxon:9675,Paguma larvata,SP_18,
http://purl.obolibrary.org/obo/NCBITaxon_9972,NCBITaxon:9972,Manidae,SP_14,
http://purl.obolibrary.org/obo/NCBITaxon_9838,NCBITaxon:9838,Camelus dromedarius,SP_3||SP_8,
http://purl.obolibrary.org/obo/NCBITaxon_290028,NCBITaxon:290028,Human coronavirus HKU1,SP_9,
http://purl.obolibrary.org/obo/NCBITaxon_694002,NCBITaxon:694002,Betacoronavirus,SP_1,
http://purl.obolibrary.org/obo/NCBITaxon_1479610,NCBITaxon:1479610,Dromedary camel coronavirus HKU23,SP_10,
http://purl.obolibrary.org/obo/UBERON_0001062,UBERON:0001062,anatomical entity,,
http://purl.obolibrary.org/obo/PATO_0000047,PATO:0000047,biological sex,CE_73,
http://purl.obolibrary.org/obo/PATO_0000001,PATO:0000001,quality,,
http://purl.obolibrary.org/obo/PATO_0001422,PATO:0001422,dead,CE_17,
http://purl.obolibrary.org/obo/PATO_0000169,PATO:0000169,viability,CE_89,
http://purl.obolibrary.org/obo/NCIT_C15220,NCIT:C15220,Diagnosis,BMV_39,
http://purl.obolibrary.org/obo/NCIT_C15206,NCIT:C15206,Clinical Study,BMV_30,
http://purl.obolibrary.org/obo/NCIT_C18190,NCIT:C18190,Histopathologic Examination,BMV_61,
http://purl.obolibrary.org/obo/NCIT_C49146,NCIT:C49146,Adenovirus Vaccine,BMV_1,
http://purl.obolibrary.org/obo/NCIT_C923,NCIT:C923,Vaccine,BMV_155,
http://purl.obolibrary.org/obo/NCIT_C21130,NCIT:C21130,Drug Tolerance,BMV_43,
http://purl.obolibrary.org/obo/NCIT_C68768,NCIT:C68768,Contamination,BMV_33,
http://purl.obolibrary.org/obo/NCIT_C17565,NCIT:C17565,Sequence Analysis,BMV_135,
http://purl.obolibrary.org/obo/NCIT_C13720,NCIT:C13720,RNA Recognition Motif,BMV_128,
http://purl.obolibrary.org/obo/NCIT_C20464,NCIT:C20464,Cytokine,PG_8,
http://purl.obolibrary.org/obo/NCIT_C16960,NCIT:C16960,Patient,BMV_107,
http://purl.obolibrary.org/obo/NCIT_C17248,NCIT:C17248,Genetic Variation,BMV_52,
http://purl.obolibrary.org/obo/NCIT_C25179,NCIT:C25179,Hospitalization,BMV_63,
http://purl.obolibrary.org/obo/NCIT_C89252,NCIT:C89252,RNA Sequence,BMV_129,
http://purl.obolibrary.org/obo/NCIT_C20401,NCIT:C20401,Monoclonal Antibody,PG_16,
http://purl.obolibrary.org/obo/NCIT_C17105,NCIT:C17105,RNA-Directed RNA Polymerase,PG_26,
http://purl.obolibrary.org/obo/NCIT_C15429,NCIT:C15429,Research Activity,BMV_121||BMV_122,
http://purl.obolibrary.org/obo/NCIT_C26170,NCIT:C26170,Protective Agent,BMV_113,
http://purl.obolibrary.org/obo/NCIT_C17021,NCIT:C17021,Protein,,
http://purl.obolibrary.org/obo/NCIT_C15320,NCIT:C15320,Study Design,BMV_123,
http://purl.obolibrary.org/obo/NCIT_C25364,NCIT:C25364,Identifier,BMV_141,
http://purl.obolibrary.org/obo/NCIT_C13189,NCIT:C13189,Epitope,BMV_47,
http://purl.obolibrary.org/obo/NCIT_C20493,NCIT:C20493,Interferon,PG_13,
http://purl.obolibrary.org/obo/NCIT_C16612,NCIT:C16612,Gene,BMV_51,
http://purl.obolibrary.org/obo/NCIT_C102527,NCIT:C102527,ACE2 Gene,PG_2,
http://purl.obolibrary.org/obo/NCIT_C48938,NCIT:C48938,Cell Count,BMV_19,
http://purl.obolibrary.org/obo/NCIT_C95533,NCIT:C95533,Neutralization,BMV_35,
http://purl.obolibrary.org/obo/NCIT_C16556,NCIT:C16556,Epidemiology,BMV_46,
http://purl.obolibrary.org/obo/NCIT_C24871,NCIT:C24871,TMPRSS2 Gene,PG_32,
http://purl.obolibrary.org/obo/NCIT_C68780,NCIT:C68780,Purification,BMV_117,
http://purl.obolibrary.org/obo/NCIT_C16006,NCIT:C16006,Vaccine Design,BMV_156,
http://purl.obolibrary.org/obo/NCIT_C13292,NCIT:C13292,Open Reading Frame,BMV_101,
http://purl.obolibrary.org/obo/NCIT_C13195,NCIT:C13195,Bronchoalveolar Lavage Fluid,BMV_18,
http://purl.obolibrary.org/obo/NCIT_C135091,NCIT:C135091,TLR 2/6/9 Agonist PUL-042,DG_61,
http://purl.obolibrary.org/obo/NCIT_C38103,NCIT:C38103,Chest Radiography,BMV_23,
http://purl.obolibrary.org/obo/NCIT_C13299,NCIT:C13299,DNA Sequence,BMV_42,
http://purl.obolibrary.org/obo/NCIT_C17712,NCIT:C17712,Immunologic Tolerance,BMV_68,
http://purl.obolibrary.org/obo/NCIT_C15783,NCIT:C15783,Clinical Data,BMV_25,
http://purl.obolibrary.org/obo/NCIT_C62648,NCIT:C62648,Emergency,BMV_44,
http://purl.obolibrary.org/obo/NCIT_C15258,NCIT:C15258,Immunization,BMV_70,
http://purl.obolibrary.org/obo/NCIT_C26028,NCIT:C26028,Vaccine Research,BMV_26,
http://purl.obolibrary.org/obo/NCIT_C3833,NCIT:C3833,Asymptomatic,BMV_10,
http://purl.obolibrary.org/obo/NCIT_C18473,NCIT:C18473,RNA Analysis,BMV_126,
http://purl.obolibrary.org/obo/NCIT_C17214,NCIT:C17214,Disease Transmission,BMV_40,
http://purl.obolibrary.org/obo/NCIT_C17898,NCIT:C17898,Blocking Antibody,PG_17,
http://purl.obolibrary.org/obo/NCIT_C17898,NCIT:C17898,Blocking Antibody,BMV_36,
http://purl.obolibrary.org/obo/NCIT_C155831,NCIT:C155831,Nasopharyngeal Swab Specimen,BMV_97,
http://purl.obolibrary.org/obo/NCIT_C17039,NCIT:C17039,Public Health,BMV_116,
http://purl.obolibrary.org/obo/COVOC_0040010,COVOC:0040010,,NCT:04307694,
http://purl.obolibrary.org/obo/COVOC_0010030,COVOC:0010030,,BMV_138,
http://purl.obolibrary.org/obo/COVOC_0030027,COVOC:0030027,,DG_69,
http://purl.obolibrary.org/obo/COVOC_0030007,COVOC:0030007,,DG_14,
http://dbpedia.org/resource/West_Africa,DBPEDIA:West_Africa,,LOC_14,
http://purl.obolibrary.org/obo/COVOC_9999999,COVOC:9999999,obsolete example,,true
http://purl.obolibrary.org/obo/COVOC_0050071,COVOC:0050071,,CE_85,
http://purl.obolibrary.org/obo/COVOC_0040022,COVOC:0040022,,NCT:04313023,
http://purl.obolibrary.org/obo/COVOC_0050041,COVOC:0050041,,CE_46,
http://purl.obolibrary.org/obo/COVOC_0030019,COVOC:0030019,,DG_48,
http://purl.obolibrary.org/obo/COVOC_0010042,COVOC:0010042,,BMV_151,
http://purl.obolibrary.org/obo/COVOC_0050011,COVOC:0050011,,CE_14,
http://dbpedia.org/resource/Wu_Han,DBPEDIA:Wu_Han,,LOC_16,
http://purl.obolibrary.org/obo/COVOC_0010012,COVOC:0010012,,BMV_80,
http://purl.obolibrary.org/obo/COVOC_0020001,COVOC:0020001,,CL:3,
http://purl.obolibrary.org/obo/COVOC_0030020,COVOC:0030020,,DG_49,
http://purl.obolibrary.org/obo/COVOC_0050053,COVOC:0050053,,CE_62,
http://purl.obolibrary.org/obo/COVOC_0040004,COVOC:0040004,,NCT:04292730,
http://purl.obolibrary.org/obo/COVOC_0050023,COVOC:0050023,,CE_27,
http://purl.obolibrary.org/obo/COVOC_0010024,COVOC:0010024,,BMV_96,
http://purl.obolibrary.org/obo/COVOC_0020013,COVOC:0020013,,CL:20,
http://purl.obolibrary.org/obo/COVOC_0050065,COVOC:0050065,,CE_78,
http://purl.obolibrary.org/obo/COVOC_0030002,COVOC:0030002,,DG_3,
http://purl.obolibrary.org/obo/COVOC_0040016,COVOC:0040016,,NCT:04306497,
http://purl.obolibrary.org/obo/COVOC_0050035,COVOC:0050035,,CE_40,
http://purl.obolibrary.org/obo/COVOC_0090004,COVOC:0090004,,PG_25,
http://purl.obolibrary.org/obo/COVOC_0010036,COVOC:0010036,,BMV_145,
http://purl.obolibrary.org/obo/COVOC_0050005,COVOC:0050005,,CE_7,
http://purl.obolibrary.org/obo/COVOC_0010006,COVOC:0010006,,BMV_56,
http://purl.obolibrary.org/obo/COVOC_0050077,COVOC:0050077,,CE_92,
http://purl.obolibrary.org/obo/COVOC_0030014,COVOC:0030014,,DG_32,
http://dbpedia.org/resource/Canada,DBPEDIA:Canada,,LOC_2,
http://purl.obolibrary.org/obo/COVOC_0040028,COVOC:0040028,,NCT:04280588,
http://purl.obolibrary.org/obo/COVOC_0050047,COVOC:0050047,,CE_54,
http://purl.obolibrary.org/obo/COVOC_0050017,COVOC:0050017,,CE_21,
http://purl.obolibrary.org/obo/COVOC_0010018,COVOC:0010018,,BMV_88,
http://purl.obolibrary.org/obo/COVOC_0030011,COVOC:0030011,,DG_20,
http://purl.obolibrary.org/obo/COVOC_0020007,COVOC:0020007,,CL:14,
http://purl.obolibrary.org/obo/COVOC_0030026,COVOC:0030026,,DG_63,
http://purl.obolibrary.org/obo/COVOC_0050059,COVOC:0050059,,CE_68,
http://dbpedia.org/resource/Taiwan,DBPEDIA:Taiwan,,LOC_12,
http://dbpedia.org/resource/Europe,DBPEDIA:Europe,,LOC_4,
http://dbpedia.org/resource/United_States,DBPEDIA:United_States,,LOC_13,
http://purl.obolibrary.org/obo/COVOC_0050029,COVOC:0050029,,CE_33,
http://purl.obolibrary.org/obo/COVOC_0050060,COVOC:0050060,,CE_69,
http://purl.obolibrary.org/obo/COVOC_0040011,COVOC:0040011,,NCT:04310228,
http://purl.obolibrary.org/obo/COVOC_0050030,COVOC:0050030,,CE_34,
http://purl.obolibrary.org/obo/COVOC_0030008,COVOC:0030008,,DG_16,
http://purl.obolibrary.org/obo/COVOC_0010031,COVOC:0010031,,BMV_139,
http://purl.obolibrary.org/obo/COVOC_0030031,COVOC:0030031,,DG_79,
http://purl.obolibrary.org/obo/COVOC_0010001,COVOC:0010001,,BMV_12,
http://purl.obolibrary.org/obo/COVOC_0050072,COVOC:0050072,,CE_86,
http://purl.obolibrary.org/obo/COVOC_0040023,COVOC:0040023,,NCT:04323631,
http://purl.obolibrary.org/obo/COVOC_0050042,COVOC:0050042,,CE_47,
http://purl.obolibrary.org/obo/COVOC_0010043,COVOC:0010043,,BMV_152,
http://purl.obolibrary.org/obo/MONDO_0100120,MONDO:0100120,,BMV_157,
http://purl.obolibrary.org/obo/COVOC_0050012,COVOC:0050012,,CE_15,
http://purl.obolibrary.org/obo/COVOC_0010013,COVOC:0010013,,BMV_81,
http://purl.obolibrary.org/obo/COVOC_0020002,COVOC:0020002,,CL:7,
http://purl.obolibrary.org/obo/COVOC_0030021,COVOC:0030021,,DG_51,
http://dbpedia.org/resource/Asia,DBPEDIA:Asia,,LOC_1,
http://purl.obolibrary.org/obo/COVOC_0050054,COVOC:0050054,,CE_63,
http://purl.obolibrary.org/obo/COVOC_0050024,COVOC:0050024,,CE_28,
http://purl.obolibrary.org/obo/COVOC_0040005,COVOC:0040005,,NCT:04292899,
http://dbpedia.org/resource/China,DBPEDIA:China,,LOC_3,
http://purl.obolibrary.org/obo/COVOC_0010025,COVOC:0010025,,BMV_98,
http://purl.obolibrary.org/obo/COVOC_0030029,COVOC:0030029,,DG_76,
http://purl.obolibrary.org/obo/COVOC_0020014,COVOC:0020014,,CL:21,
http://purl.obolibrary.org/obo/COVOC_0050066,COVOC:0050066,,CE_79,
http://purl.obolibrary.org/obo/COVOC_0030003,COVOC:0030003,,DG_7,
http://purl.obolibrary.org/obo/COVOC_0040017,COVOC:0040017,,NCT:04287686,
http://purl.obolibrary.org/obo/COVOC_0050036,COVOC:0050036,,CE_41,
http://purl.obolibrary.org/obo/PR_P0DTD1,PR:P0DTD1,,PG_24,
http://purl.obolibrary.org/obo/COVOC_0090005,COVOC:0090005,,PG_30,
http://purl.obolibrary.org/obo/COVOC_0010037,COVOC:0010037,,BMV_146,
http://purl.obolibrary.org/obo/COVOC_0050006,COVOC:0050006,,CE_8,
http://purl.obolibrary.org/obo/COVOC_0010007,COVOC:0010007,,BMV_59,
http://purl.obolibrary.org/obo/COVOC_0030015,COVOC:0030015,,DG_37,
http://purl.obolibrary.org/obo/COVOC_0040029,COVOC:0040029,,NCT:04293692,
http://purl.obolibrary.org/obo/COVOC_0050048,COVOC:0050048,,CE_55,
http://dbpedia.org/resource/Singapore,DBPEDIA:Singapore,,LOC_10,
http://purl.obolibrary.org/obo/COVOC_0050018,COVOC:0050018,,CE_22,
http://purl.obolibrary.org/obo/COVOC_0010019,COVOC:0010019,,BMV_89,
http://purl.obolibrary.org/obo/COVOC_0040030,COVOC:0040030,,NCT:04317040,
http://purl.obolibrary.org/obo/COVOC_0020008,COVOC:0020008,,CL:15,
http://purl.obolibrary.org/obo/COVOC_0010020,COVOC:0010020,,BMV_91,
http://purl.obolibrary.org/obo/COVOC_0050061,COVOC:0050061,,CE_71,
http://purl.obolibrary.org/obo/COVOC_0040012,COVOC:0040012,,NCT:04315298,
http://purl.obolibrary.org/obo/COVOC_0050031,COVOC:0050031,,CE_35,
http://purl.obolibrary.org/obo/COVOC_0010032,COVOC:0010032,,BMV_140,
http://purl.obolibrary.org/obo/COVOC_0030009,COVOC:0030009,,DG_18,
http://purl.obolibrary.org/obo/COVOC_0050001,COVOC:0050001,,CE_1,
http://purl.obolibrary.org/obo/COVOC_0010002,COVOC:0010002,,BMV_27,
http://dbpedia.org/resource/Hubei,DBPEDIA:Hubei,,LOC_6,
http://purl.obolibrary.org/obo/COVOC_0050073,COVOC:0050073,,CE_87,
http://purl.obolibrary.org/obo/COVOC_0030010,COVOC:0030010,,DG_19,
http://purl.obolibrary.org/obo/COVOC_0040024,COVOC:0040024,,NCT:04312997,
http://purl.obolibrary.org/obo/COVOC_0050043,COVOC:0050043,,CE_48,
http://purl.obolibrary.org/obo/COVOC_0010044,COVOC:0010044,,BMV_153,
http://purl.obolibrary.org/obo/COVOC_0050013,COVOC:0050013,,CE_16,
http://purl.obolibrary.org/obo/COVOC_0010014,COVOC:0010014,,BMV_82,
http://purl.obolibrary.org/obo/COVOC_0020003,COVOC:0020003,,CL:8,
http://purl.obolibrary.org/obo/COVOC_0030022,COVOC:0030022,,DG_54,
http://purl.obolibrary.org/obo/COVOC_0050055,COVOC:0050055,,CE_64,
http://purl.obolibrary.org/obo/COVOC_0040006,COVOC:0040006,,NCT:04295551,
http://purl.obolibrary.org/obo/COVOC_0050025,COVOC:0050025,,CE_29,
http://purl.obolibrary.org/obo/COVOC_0010026,COVOC:0010026,,BMV_102,
http://purl.obolibrary.org/obo/COVOC_0020015,COVOC:0020015,,CL:22,
http://purl.obolibrary.org/obo/COVOC_0050067,COVOC:0050067,,CE_81,
http://purl.obolibrary.org/obo/COVOC_0030004,COVOC:0030004,,DG_10,
http://purl.obolibrary.org/obo/COVOC_0040018,COVOC:0040018,,NCT:04317092,
http://purl.obolibrary.org/obo/COVOC_0050037,COVOC:0050037,,CE_42,
http://purl.obolibrary.org/obo/COVOC_0010038,COVOC:0010038,,BMV_147,
http://purl.obolibrary.org/obo/COVOC_0050007,COVOC:0050007,,CE_9,
http://purl.obolibrary.org/obo/COVOC_0010008,COVOC:0010008,,BMV_62,
http://purl.obolibrary.org/obo/COVOC_0030016,COVOC:0030016,,DG_42,
http://purl.obolibrary.org/obo/COVOC_0050049,COVOC:0050049,,CE_56,
http://purl.obolibrary.org/obo/COVOC_0050019,COVOC:0050019,,CE_23,
http://purl.obolibrary.org/obo/COVOC_0040031,COVOC:0040031,,NCT:04288102,
http://purl.obolibrary.org/obo/COVOC_0050050,COVOC:0050050,,CE_57,
http://purl.obolibrary.org/obo/HP_0033006,HP:0033006,,DIS_23,
http://purl.obolibrary.org/obo/COVOC_0020009,COVOC:0020009,,CL:16,
http://purl.obolibrary.org/obo/COVOC_0030028,COVOC:0030028,,DG_74,
http://purl.obolibrary.org/obo/COVOC_0040001,COVOC:0040001,,NCT:04273321,
http://purl.obolibrary.org/obo/COVOC_0050020,COVOC:0050020,,CE_24,
http://purl.obolibrary.org/obo/COVOC_0010021,COVOC:0010021,,BMV_93,
http://purl.obolibrary.org/obo/COVOC_0020010,COVOC:0020010,,CL:17,
http://purl.obolibrary.org/obo/COVOC_0050062,COVOC:0050062,,CE_72,
http://purl.obolibrary.org/obo/COVOC_0040013,COVOC:0040013,,NCT:04315896,
http://purl.obolibrary.org/obo/COVOC_0050032,COVOC:0050032,,CE_36,
http://purl.obolibrary.org/obo/COVOC_0090001,COVOC:0090001,,PG_7,
http://purl.obolibrary.org/obo/COVOC_0010033,COVOC:0010033,,BMV_142,
http://purl.obolibrary.org/obo/COVOC_0050002,COVOC:0050002,,CE_3,
http://purl.obolibrary.org/obo/COVOC_0010003,COVOC:0010003,,BMV_31,
http://purl.obolibrary.org/obo/COVOC_0050074,COVOC:0050074,,CE_88,
http://purl.obolibrary.org/obo/COVOC_0040025,COVOC:0040025,,NCT:04315987,
http://purl.obolibrary.org/obo/COVOC_0050044,COVOC:0050044,,CE_49,
http://purl.obolibrary.org/obo/COVOC_0050014,COVOC:0050014,,CE_18,
http://purl.obolibrary.org/obo/COVOC_0010015,COVOC:0010015,,BMV_83,
http://purl.obolibrary.org/obo/COVOC_0020004,COVOC:0020004,,CL:11,
http://purl.obolibrary.org/obo/COVOC_0030023,COVOC:0030023,,DG_56,
http://purl.obolibrary.org/obo/COVOC_0050056,COVOC:0050056,,CE_65,
http://purl.obolibrary.org/obo/COVOC_0040007,COVOC:0040007,,NCT:04304313,
http://purl.obolibrary.org/obo/COVOC_0050026,COVOC:0050026,,CE_30,
http://purl.obolibrary.org/obo/PR_P0DTC1,PR:P0DTC1,,PG_22,
http://purl.obolibrary.org/obo/COVOC_0010027,COVOC:0010027,,BMV_118,
http://purl.obolibrary.org/obo/COVOC_0020016,COVOC:0020016,,CL:23,
http://purl.obolibrary.org/obo/COVOC_0050068,COVOC:0050068,,CE_82,
http://purl.obolibrary.org/obo/COVOC_0030005,COVOC:0030005,,DG_12,
http://purl.obolibrary.org/obo/COVOC_0040019,COVOC:0040019,,NCT:04318418,
http://purl.obolibrary.org/obo/COVOC_0050038,COVOC:0050038,,CE_43,
http://purl.obolibrary.org/obo/COVOC_0010039,COVOC:0010039,,BMV_148,
http://purl.obolibrary.org/obo/COVOC_0050008,COVOC:0050008,,CE_11,
http://purl.obolibrary.org/obo/COVOC_0010009,COVOC:0010009,,BMV_73,
http://purl.obolibrary.org/obo/COVOC_0040020,COVOC:0040020,,NCT:04321993,
http://dbpedia.org/resource/Saudi_Arabia,DBPEDIA:Saudi_Arabia,,LOC_9,
http://purl.obolibrary.org/obo/COVOC_0010040,COVOC:0010040,,BMV_149,
http://purl.obolibrary.org/obo/COVOC_0030017,COVOC:0030017,,DG_43,
http://purl.obolibrary.org/obo/COVOC_0010010,COVOC:0010010,,BMV_77,
http://purl.obolibrary.org/obo/COVOC_0040032,COVOC:0040032,,NCT:04286503,
http://purl.obolibrary.org/obo/COVOC_0050051,COVOC:0050051,,CE_58,
http://dbpedia.org/resource/Jordan,DBPEDIA:Jordan,,LOC_7,
http://purl.obolibrary.org/obo/COVOC_0040002,COVOC:0040002,,NCT:04287686,
http://purl.obolibrary.org/obo/COVOC_0050021,COVOC:0050021,,CE_25,
http://purl.obolibrary.org/obo/COVOC_0010022,COVOC:0010022,,BMV_94,
http://purl.obolibrary.org/obo/COVOC_0020011,COVOC:0020011,,CL:18,
http://purl.obolibrary.org/obo/COVOC_0030030,COVOC:0030030,,DG_78,
http://purl.obolibrary.org/obo/COVOC_0050063,COVOC:0050063,,CE_75||CE_76,
http://purl.obolibrary.org/obo/COVOC_0040014,COVOC:0040014,,NCT:04291053,
http://purl.obolibrary.org/obo/COVOC_0050033,COVOC:0050033,,CE_38,
http://purl.obolibrary.org/obo/COVOC_0090002,COVOC:0090002,,PG_10,
http://purl.obolibrary.org/obo/COVOC_0010034,COVOC:0010034,,BMV_143,
http://purl.obolibrary.org/obo/COVOC_0050003,COVOC:0050003,,CE_4,
http://purl.obolibrary.org/obo/COVOC_0010004,COVOC:0010004,,BMV_32,
http://purl.obolibrary.org/obo/COVOC_0050075,COVOC:0050075,,CE_90,
http://purl.obolibrary.org/obo/COVOC_0030012,COVOC:0030012,,DG_26,
http://purl.obolibrary.org/obo/COVOC_0040026,COVOC:0040026,,NCT:04273529,
http://purl.obolibrary.org/obo/COVOC_0050045,COVOC:0050045,,CE_50,
http://purl.obolibrary.org/obo/COVOC_0050015,COVOC:0050015,,CE_19,
http://purl.obolibrary.org/obo/COVOC_0010016,COVOC:0010016,,BMV_86,
http://purl.obolibrary.org/obo/COVOC_0020005,COVOC:0020005,,CL:12,
http://purl.obolibrary.org/obo/COVOC_0030024,COVOC:0030024,,DG_57,
http://purl.obolibrary.org/obo/COVOC_0050057,COVOC:0050057,,CE_66,
http://purl.obolibrary.org/obo/COVOC_0040008,COVOC:0040008,,NCT:04306705,
http://purl.obolibrary.org/obo/COVOC_0050027,COVOC:0050027,,CE_31,
http://dbpedia.org/resource/Hong_Kong,DBPEDIA:Hong_Kong,,LOC_5,
http://purl.obolibrary.org/obo/COVOC_0010028,COVOC:0010028,,BMV_120,
http://purl.obolibrary.org/obo/COVOC_0020017,COVOC:0020017,,CL:24,
http://purl.obolibrary.org/obo/COVOC_0050069,COVOC:0050069,,CE_83,
http://purl.obolibrary.org/obo/COVOC_0030006,COVOC:0030006,,DG_13,
http://purl.obolibrary.org/obo/COVOC_0050039,COVOC:0050039,,CE_44,
http://purl.obolibrary.org/obo/COVOC_0050009,COVOC:0050009,,CE_12,
http://purl.obolibrary.org/obo/COVOC_0050070,COVOC:0050070,,CE_84,
http://purl.obolibrary.org/obo/COVOC_0070001,COVOC:0070001,,LOC_15,
http://purl.obolibrary.org/obo/COVOC_0040021,COVOC:0040021,,NCT:04304053,
http://purl.obolibrary.org/obo/COVOC_0050040,COVOC:0050040,,CE_45,
http://purl.obolibrary.org/obo/COVOC_0030018,COVOC:0030018,,DG_45,
http://purl.obolibrary.org/obo/COVOC_0010041,COVOC:0010041,,BMV_150,
http://purl.obolibrary.org/obo/COVOC_0050010,COVOC:0050010,,CE_13,
http://purl.obolibrary.org/obo/COVOC_0010011,COVOC:0010011,,BMV_78,
http://purl.obolibrary.org/obo/COVOC_0050052,COVOC:0050052,,CE_61,
http://purl.obolibrary.org/obo/COVOC_0040003,COVOC:0040003,,NCT:04288713,
http://purl.obolibrary.org/obo/COVOC_0050022,COVOC:0050022,,CE_26,
http://purl.obolibrary.org/obo/COVOC_0010023,COVOC:0010023,,BMV_95,
http://purl.obolibrary.org/obo/COVOC_0020012,COVOC:0020012,,CL:19,
http://purl.obolibrary.org/obo/BAO_0002424,BAO:0002424,,BMV_164,
http://purl.obolibrary.org/obo/COVOC_0050064,COVOC:0050064,,CE_77,
http://purl.obolibrary.org/obo/COVOC_0030001,COVOC:0030001,,DG_1,
http://purl.obolibrary.org/obo/COVOC_0050034,COVOC:0050034,,CE_39,
http://purl.obolibrary.org/obo/COVOC_0040015,COVOC:0040015,,NCT:04321421,
http://purl.obolibrary.org/obo/COVOC_0090003,COVOC:0090003,,PG_23,
http://purl.obolibrary.org/obo/COVOC_0010035,COVOC:0010035,,BMV_144,
http://purl.obolibrary.org/obo/COVOC_0050004,COVOC:0050004,,CE_6,
http://purl.obolibrary.org/obo/COVOC_0010005,COVOC:0010005,,BMV_48,
http://purl.obolibrary.org/obo/COVOC_0050076,COVOC:0050076,,CE_91,
http://purl.obolibrary.org/obo/COVOC_0030013,COVOC:0030013,,DG_29,
http://purl.obolibrary.org/obo/COVOC_0040027,COVOC:0040027,,NCT:04273581,
http://purl.obolibrary.org/obo/COVOC_0050046,COVOC:0050046,,CE_52,
http://purl.obolibrary.org/obo/COVOC_0050016,COVOC:0050016,,CE_20,
http://purl.obolibrary.org/obo/COVOC_0010017,COVOC:0010017,,BMV_87,
http://purl.obolibrary.org/obo/COVOC_0020006,COVOC:0020006,,CL:13,
http://purl.obolibrary.org/obo/COVOC_0030025,COVOC:0030025,,DG_60,
http://purl.obolibrary.org/obo/COVOC_0050058,COVOC:0050058,,CE_67,
http://purl.obolibrary.org/obo/COVOC_0040009,COVOC:0040009,,NCT:04307693,
http://dbpedia.org/resource/Middle_East,DBPEDIA:Middle_East,,LOC_8,
http://purl.obolibrary.org/obo/COVOC_0050028,COVOC:0050028,,CE_32,
http://dbpedia.org/resource/South_Korea,DBPEDIA:South_Korea,,LOC_11,
http://purl.obolibrary.org/obo/COVOC_0010029,COVOC:0010029,,BMV_134,
